,Name,City ID #:,Lat,Lon,Temp_F,Humidity,Cloudiness,Windiness
0,Mataura,6201424,-46.19,168.86,64.0,63,56,4.0
1,Lasa,146639,34.92,32.53,62.37,100,20,5.82
2,Hithadhoo,1282256,-0.6,73.08,77.15,100,68,5.64
3,Atuona,4020109,-9.8,-139.03,81.2,100,8,5.97
4,Flin Flon,5954718,54.77,-101.88,-0.41,49,5,6.93
5,Chunskiy,1507636,56.08,99.63,13.93,77,64,2.39
6,Barsana,1276857,27.65,77.38,51.86,93,0,7.65
7,Businga,217637,3.34,20.89,73.64,84,48,2.28
8,Clyde River,5924351,70.47,-68.59,-23.81,74,20,6.93
9,Bartica,3379507,6.41,-58.62,80.6,74,20,11.41
10,Carnarvon,1014034,-30.97,22.13,64.91,31,44,8.1
11,Vaini,1273574,15.34,74.49,57.98,82,0,1.83
12,Innisfail,5983430,52.02,-113.95,-0.89,77,5,6.93
13,Lorengau,2092164,-2.02,147.27,83.99,93,8,4.63
14,Rikitea,4030556,-23.12,-134.97,80.39,100,76,10.22
15,East London,1006984,-33.02,27.91,77.2,97,8,16.93
16,Saint-Philippe,6138908,45.36,-73.48,16.97,57,90,13.87
17,Tarakan,1624725,3.3,117.63,80.84,94,32,5.19
18,Butaritari,2110227,3.07,172.79,83.45,100,88,18.72
19,Te Anau,2181625,-45.41,167.72,59.2,51,88,9.89
20,Kapaa,5848280,22.08,-159.32,75.92,54,90,14.99
21,Albany,5106834,42.65,-73.75,25.43,50,75,29.97
22,Salalah,286621,17.01,54.1,77.0,83,20,2.24
23,Norman Wells,6089245,65.28,-126.83,14.0,61,75,2.24
24,Cape Town,3369157,-33.93,18.42,68.36,94,20,9.17
25,Castro,3896218,-42.48,-73.76,59.0,62,75,12.75
26,Quanzhou,1797353,24.9,118.59,59.0,77,90,6.71
27,Tasiilaq,3424607,65.61,-37.64,28.4,92,88,6.93
28,Barrow,3833859,-38.31,-60.23,52.04,68,8,12.01
29,Puerto Ayora,3652764,-0.74,-90.35,86.0,74,40,8.05
30,Buala,2109528,-8.15,159.59,86.06,77,76,6.42
31,Busselton,2075265,-33.64,115.35,66.2,39,92,13.47
32,Kabinda,215527,-6.14,24.49,72.16,83,24,2.84
33,Punahana,1259244,27.87,77.2,51.86,93,0,7.65
34,Mount Gambier,2156643,-37.83,140.78,66.2,68,75,16.11
35,Tiksi,2015306,71.64,128.87,-4.75,65,32,6.64
36,Ufimskiy,479553,56.71,58.05,11.05,74,56,4.74
37,Codrington,2160063,-28.95,153.24,70.99,73,90,3.74
38,Lompoc,5367788,34.64,-120.46,59.72,67,1,9.17
39,Salinopolis,3389822,-0.61,-47.36,76.25,100,92,9.22
40,Beira,3119841,43.2,-8.36,52.3,76,0,5.82
41,Mar del Plata,3863379,-46.43,-67.52,56.41,55,8,9.22
42,Avarua,4035715,-21.21,-159.78,84.2,62,0,4.7
43,Ngunguru,2186111,-35.62,174.5,70.0,66,88,5.99
44,Bluff,2175403,-23.58,149.07,81.47,45,24,12.46
45,Constitucion,4011743,23.99,-104.67,74.12,12,20,19.46
46,Nikolskoye,546105,59.7,30.79,34.29,74,20,11.18
47,Dongying,1812101,37.43,118.67,34.49,70,76,8.88
48,Hasaki,2112802,35.73,140.83,48.52,66,75,12.75
49,Dingle,1714733,11.0,122.67,74.95,74,0,8.66
50,Ponta do Sol,3453439,-20.63,-46.0,73.96,80,8,3.4
51,Brest,629634,52.09,23.69,30.89,93,32,11.45
52,Husavik,5961417,50.56,-96.99,1.0,69,0,5.01
53,Ushuaia,3833367,-54.81,-68.31,45.59,87,90,12.75
54,Zalantun,2033225,48.0,122.72,13.66,56,0,2.51
55,Mahebourg,934322,-20.41,57.7,79.7,83,75,6.93
56,Chara,262462,39.42,22.43,37.4,59,75,1.39
57,Hobart,2163355,-42.88,147.33,54.88,87,75,11.41
58,Ossora,2122389,59.24,163.07,1.01,88,80,26.78
59,Port Alfred,964432,-33.59,26.89,69.28,94,12,8.43
60,Waingapu,1622318,-9.65,120.26,78.14,97,8,3.96
61,Princeville,5852602,22.22,-159.49,75.69,54,90,14.99
62,Port Macquarie,2152659,-31.43,152.91,72.37,73,92,3.36
63,Faanui,4034551,-16.48,-151.75,83.99,100,8,7.87
64,Punta Arenas,3874787,-53.16,-70.91,50.0,81,90,20.8
65,Riyadh,108410,24.63,46.72,55.4,35,0,2.84
66,Bud,7626370,62.91,6.91,39.16,70,36,8.05
67,Rocha,3440777,-34.48,-54.34,53.8,67,0,5.75
68,Jamestown,2069194,-33.21,138.6,84.13,29,0,4.63
69,Boende,218680,-0.28,20.88,76.21,84,8,3.62
70,Hede,2720382,60.45,15.49,43.3,56,12,10.29
71,Ordzhonikidze,698438,44.96,35.36,36.88,100,12,15.48
72,Vila Velha,6320062,-3.71,-38.6,80.53,78,0,3.36
73,Plouzane,2986626,48.38,-4.62,47.3,70,0,5.82
74,Kahului,5847411,20.89,-156.47,76.6,54,20,13.87
75,Victoria,1733782,5.28,115.24,79.36,88,75,3.36
76,Tilichiki,2120591,60.47,166.1,11.18,85,68,5.64
77,Petropavlovsk-Kamchatskiy,2122104,53.05,158.65,-0.41,64,44,4.47
78,Tahe,2034615,52.34,124.71,4.43,58,0,3.62
79,Bakel,2252606,14.9,-12.46,65.99,22,0,10.67
80,Hilo,5855927,19.71,-155.08,73.2,60,75,8.05
81,Hofn,2630299,64.25,-15.21,44.26,91,92,24.54
82,La Ronge,6050066,55.1,-105.3,5.0,42,5,9.17
83,Tautira,4033557,-17.73,-149.15,89.29,62,75,8.05
84,Sao Joao da Barra,3448903,-21.64,-41.05,84.2,74,0,21.41
85,Rome,6539761,41.89,12.48,40.37,75,0,5.82
86,Willowmore,939676,-33.3,23.49,55.37,89,32,1.61
87,Sabzevar,118063,36.21,57.68,24.41,78,0,1.95
88,Khatanga,2022572,71.98,102.47,-21.45,30,12,4.29
89,Baculin,1729469,7.45,126.58,76.34,87,8,8.66
90,Lebu,344979,8.96,38.73,60.8,55,20,9.17
91,Katsuura,1865309,33.93,134.5,45.23,66,75,13.87
92,Hermanus,3366880,-34.42,19.24,65.55,91,32,4.52
93,Riachao,3390581,-7.36,-46.62,71.12,96,44,2.51
94,Portland,5746545,45.52,-122.67,35.29,51,90,16.11
95,Ribeira Grande,3372707,38.52,-28.7,54.29,100,44,24.32
96,Geraldton,5960603,49.72,-86.95,-4.01,53,75,11.41
97,Bandarbeyla,64814,9.49,50.81,76.88,100,92,10.22
98,Kodiak,4407665,39.95,-94.76,30.56,22,1,10.29
99,Ginir,336454,7.14,40.71,52.63,70,8,2.28
100,Torbay,6167817,47.66,-52.73,27.12,100,90,21.92
101,Coihaique,3894426,-45.58,-72.07,59.0,51,20,9.17
102,Shira,1492149,54.49,89.96,2.72,53,0,5.64
103,Balkanabat,161616,39.51,54.36,33.23,90,92,2.39
104,Monrovia,2274895,6.33,-10.8,77.0,94,20,7.87
105,Dafeng,1813088,33.2,120.46,40.03,84,0,9.55
106,Maceio,3395981,-9.67,-35.74,80.6,78,0,9.17
107,Santa Fe,3836277,-31.62,-60.7,73.33,68,76,1.99
108,Cabo San Lucas,3985710,22.89,-109.91,72.12,60,20,5.53
109,Zhangye,1785036,38.94,100.46,13.34,57,0,7.87
110,Qaanaaq,3831208,77.48,-69.36,-14.16,82,0,8.55
111,Beringovskiy,2126710,63.05,179.32,30.08,94,92,26.78
112,Neiafu,4032420,-18.65,-173.98,82.4,83,75,13.87
113,Copiapo,3893656,-27.37,-70.33,69.8,64,0,10.29
114,Cherskiy,2126199,68.75,161.3,-21.63,62,8,5.41
115,Cidreira,3466165,-30.17,-50.22,70.58,84,88,7.87
116,San Patricio,3437029,-26.98,-56.83,68.69,93,48,5.97
117,Comodoro Rivadavia,3860443,-45.87,-67.48,60.8,48,20,1.12
118,Lagoa,2267254,37.14,-8.45,56.75,67,0,10.29
119,Kindu,212902,-2.95,25.92,79.81,59,80,1.16
120,Sarkand,1519691,45.41,79.91,7.81,48,0,2.62
121,Sauda,3140056,59.65,6.35,39.24,81,48,1.95
122,Fairbanks,5861897,64.84,-147.72,22.82,66,1,2.84
123,Windhoek,3352136,-22.57,17.08,70.45,49,64,1.12
124,Ostrovnoy,556268,68.05,39.51,23.42,91,76,15.82
125,Abalak,2448245,15.46,6.28,59.65,32,12,6.2
126,Nouakchott,2377450,18.08,-15.98,73.4,8,0,9.17
127,Saldanha,2737599,41.42,-6.55,36.29,78,0,2.62
128,Upernavik,3418910,72.79,-56.15,3.71,100,64,12.12
129,Nha Trang,1572151,12.24,109.19,77.0,83,20,5.82
130,Kavieng,2094342,-2.57,150.8,81.61,100,80,8.55
131,Funehiki,2112903,37.43,140.58,39.96,64,20,17.22
132,Progreso,3440963,-34.68,-56.22,65.25,67,40,2.24
133,Tuktoyaktuk,6170031,69.44,-133.03,12.2,92,40,12.75
134,Chuy,3443061,-33.69,-53.46,61.85,79,0,12.57
135,Ballarat,2177091,-37.56,143.86,75.02,46,0,3.18
136,Pangnirtung,6096551,66.15,-65.72,-18.41,68,20,3.62
137,Yellowknife,6185377,62.45,-114.38,1.13,64,75,8.05
138,Saskylakh,2017155,71.97,114.09,-19.11,53,32,2.95
139,Baruun-Urt,2032614,46.68,113.28,5.11,53,0,5.64
140,Cururupu,3401148,-1.82,-44.87,75.76,97,76,3.62
141,Fredericksburg,4760059,38.3,-77.46,51.78,13,1,11.41
142,Cabedelo,3404558,-6.97,-34.84,80.6,88,20,6.93
143,Klaksvik,2618795,62.23,-6.59,50.0,81,88,19.46
144,Nanortalik,3421765,60.14,-45.24,34.81,99,88,11.56
145,Severo-Kurilsk,2121385,50.68,156.12,22.34,100,64,12.01
146,Fort Nelson,5955902,58.81,-122.69,12.2,66,90,2.51
147,Banyumas,1650095,-7.52,109.29,80.26,100,68,3.96
148,Petropavlovka,2017979,50.61,105.32,2.63,52,0,2.62
149,Chapais,5919850,49.78,-74.86,-2.21,70,90,17.22
150,Savelugu,2295517,9.63,-0.83,71.03,40,0,3.18
151,Ordu,741100,40.98,37.88,37.4,93,75,1.72
152,Pundaguitan,1698289,6.37,126.17,77.87,100,36,5.64
153,Port Elizabeth,4501427,39.31,-74.98,39.97,24,1,20.8
154,Ilulissat,3423146,69.22,-51.1,12.2,78,80,12.75
155,Nantucket,4944903,41.28,-70.1,34.11,34,1,27.51
156,New Norfolk,2155415,-42.78,147.06,54.88,87,75,11.41
157,Puerto Escondido,3520994,15.86,-97.07,82.4,74,5,11.41
158,Jardim,3460087,-21.48,-56.15,81.16,69,12,7.99
159,Kaitangata,2208248,-46.28,169.85,67.34,57,36,8.43
160,Rio Grande,3451138,-32.03,-52.1,71.6,64,75,8.05
161,Antofagasta,3899539,-23.65,-70.4,69.8,77,40,12.75
162,Taoudenni,2450173,22.68,-3.98,55.6,21,0,14.14
163,Saint-Augustin,3031582,44.83,-0.61,45.86,81,0,2.24
164,Iqaluit,5983720,63.75,-68.52,-13.01,69,75,2.73
165,Arman,2127060,59.7,150.17,-2.05,45,32,4.18
166,Bredasdorp,1015776,-34.53,20.04,64.89,77,48,3.36
167,Ust-Koksa,1488167,50.27,85.62,-2.23,78,20,1.95
168,Bambous Virieux,1106677,-20.34,57.76,79.72,83,75,6.93
169,Berwick,5180119,41.06,-76.25,29.57,46,75,9.17
170,Sao Gabriel da Cachoeira,3662342,-0.13,-67.09,79.9,86,12,2.28
171,Ust-Maya,2013918,60.42,134.54,-18.16,76,36,2.73
172,Jodar,2516304,37.84,-3.35,44.96,53,0,3.0
173,Leh,1264976,34.16,77.58,-24.28,42,24,1.61
174,Great Falls,5655240,47.5,-111.29,-7.48,83,90,6.93
175,San Ramon,3616584,12.92,-85.84,74.55,60,40,9.17
176,San Vicente,3583178,13.64,-88.78,87.71,49,20,6.93
177,Madras,5738690,44.63,-121.13,21.25,85,90,9.17
178,Bethel,5880568,60.79,-161.76,36.93,74,90,16.11
179,Sao Filipe,3374210,14.9,-24.5,73.64,85,12,13.8
180,Kingston,5992500,44.23,-76.48,23.85,53,75,18.34
181,Buchen,3220801,49.52,10.63,34.74,77,0,3.36
182,Minchinabad,1170398,30.16,73.57,48.31,96,8,3.18
183,Gigmoto,1712961,13.78,124.39,75.4,100,0,11.23
184,Taga,1851279,35.21,136.34,45.64,61,75,23.04
185,Taos,5493811,36.41,-105.57,41.4,29,36,12.75
186,Sola,3137942,58.89,5.65,41.76,100,90,0.83
187,Beihai,1801722,38.95,121.19,26.6,53,0,4.47
188,Pevek,2122090,69.7,170.27,-12.81,80,32,9.44
189,Pisco,3932145,-13.71,-76.2,71.6,30,0,20.8
190,Georgetown,3378644,6.8,-58.16,81.43,74,40,11.41
191,Raahe,640276,64.68,24.47,32.49,80,32,10.29
192,Torbat-e Jam,1159362,35.24,60.63,28.82,94,76,2.95
193,Vaitape,4033077,-16.52,-151.75,84.31,98,12,8.99
194,Kirakira,2178753,-10.46,161.92,82.51,100,0,12.24
195,Viedma,3832899,-40.81,-62.99,57.89,40,64,15.03
196,Aklavik,5882953,68.22,-135.01,28.83,67,20,4.7
197,Sabang,1691355,13.72,123.58,75.17,89,56,10.45
198,Yaan,2338660,7.38,8.57,71.39,98,92,6.08
199,Atambua,1651103,-9.11,124.89,80.98,100,0,3.18
200,Thompson,6165406,55.74,-97.86,-5.81,48,75,11.41
201,Broome,2656067,52.47,1.45,41.88,60,0,4.7
202,Gander,5959335,48.95,-54.61,22.17,92,90,29.97
203,Samarai,2132606,-10.62,150.67,82.78,98,0,6.2
204,Ayan,749747,40.67,33.6,15.46,69,0,2.39
205,Krishnagiri,1265863,12.52,78.22,55.91,82,0,2.73
206,Lavrentiya,4031637,65.58,-170.99,33.01,96,88,23.53
207,Ban Nahin,1661950,18.24,104.21,65.99,94,36,2.28
208,Wuwei,1803936,37.93,102.64,3.4,57,12,2.73
209,Saint-Joseph,3037456,43.56,6.97,48.22,66,0,6.93
210,Talnakh,1490256,69.49,88.39,8.8,82,88,22.64
211,Narsaq,3421719,60.91,-46.05,37.4,37,20,12.75
212,Arraial do Cabo,3471451,-22.97,-42.02,84.2,79,40,4.7
213,Iberia,3938531,-11.41,-69.49,78.77,72,100,3.62
214,Gorontalo,1643837,0.54,123.06,75.35,92,20,2.51
215,Kushima,1895695,31.5,131.29,42.19,93,75,8.05
216,Madison,5261457,43.07,-89.38,10.4,56,90,6.93
217,Evensk,2125693,61.92,159.24,-6.6,100,68,6.2
218,Yorosso,2448442,12.35,-4.78,64.91,26,0,8.32
219,Kasongo-Lunda,2315026,-6.48,16.82,69.28,94,32,1.72
220,Tuatapere,2180815,-46.13,167.69,64.0,63,24,4.0
221,Milverton,2636177,51.02,-3.26,42.85,80,0,2.24
222,Mount Isa,2065594,-20.73,139.49,77.0,78,68,5.82
223,Dunedin,2191562,-45.87,170.5,61.0,61,48,5.99
224,Souillac,3026644,45.6,-0.6,48.61,76,0,3.36
225,Konevo,726885,41.67,25.61,36.0,65,0,1.01
226,Beyneu,610298,45.32,55.19,15.5,80,32,5.53
227,Zabaykalsk,2012780,49.64,117.33,4.61,56,0,3.74
228,Ouesso,2255564,1.61,16.05,73.33,97,64,2.95
229,Kokopo,2093685,-4.34,152.27,82.06,100,12,1.83
230,Yar-Sale,1486321,66.83,70.83,19.91,90,92,21.3
231,San Cristobal,3652462,-0.39,-78.55,63.0,77,75,13.87
232,Saint-Paul,3023532,45.22,1.9,43.95,81,0,4.7
233,Kongsberg,6453373,59.67,9.65,35.85,89,44,2.39
234,Ballina,2966778,54.11,-9.15,49.68,87,0,11.41
235,Alofi,4036284,-19.06,-169.92,78.8,94,75,9.17
236,Le Port,3036965,42.87,1.37,44.98,67,0,1.16
237,Leningradskiy,2123814,69.38,178.42,-5.11,96,68,2.73
238,Nizhniy Kuranakh,2019135,58.84,125.49,11.81,70,88,6.08
239,Hobyo,57000,5.35,48.53,77.11,90,92,13.47
240,Mayumba,2399001,-3.44,10.65,80.93,98,92,5.53
241,Griffith,2164422,-34.29,146.06,77.0,33,76,4.7
242,Tome,2110596,38.69,141.2,37.4,55,75,10.29
243,Senanga,898947,-16.1,23.3,81.25,32,80,8.66
244,Batabano,3567655,22.72,-82.29,84.09,51,20,14.99
245,Malazgirt,304916,39.15,42.54,11.23,72,0,4.18
246,Bahia Honda,3567995,22.9,-83.16,80.53,59,0,9.89
247,Moulins,2991481,46.57,3.33,39.02,81,0,5.86
248,Green River,5826559,41.53,-109.47,36.37,55,1,5.82
249,Provideniya,4031574,64.42,-173.23,32.0,96,90,22.37
250,Gamba,1281256,28.28,88.52,-15.96,38,0,3.4
251,Saint George,262462,39.45,22.34,37.4,59,75,1.39
252,Plettenberg Bay,964712,-34.05,23.37,65.68,96,24,8.77
253,Quelimane,1028434,-17.88,36.89,78.31,83,0,4.7
254,Altamira,3407882,-3.2,-52.21,75.58,92,64,2.06
255,Guasdualito,3689718,7.24,-70.73,95.0,24,40,3.36
256,Hoopstad,995573,-27.83,25.91,70.0,51,0,9.44
257,Port Blair,1259385,11.67,92.75,81.65,100,0,8.77
258,Noyabrsk,1496503,63.2,75.45,17.8,89,80,15.93
259,Ushtobe,1517637,45.25,77.98,12.26,57,8,2.73
260,Alekseyevsk,2022083,57.84,108.35,21.13,67,64,5.19
261,Hirara,1862505,24.8,125.28,68.92,88,75,11.41
262,Anchorage,5879400,61.22,-149.89,23.36,100,1,1.95
263,Shahrud,135423,36.42,54.97,11.27,64,0,2.39
264,Udachnyy,2014624,66.42,112.4,5.87,76,56,5.41
265,Nouadhibou,2377457,20.93,-17.03,73.4,28,0,16.11
266,Namibe,3347019,-15.19,12.15,76.48,100,0,6.76
267,Mehamn,778707,71.03,27.85,26.08,73,75,4.7
268,Port Hedland,2063042,-20.31,118.58,77.0,94,0,5.82
269,Cerqueira Cesar,3466430,-23.04,-49.17,78.32,77,36,1.72
270,Fortuna,2517679,38.18,-1.13,44.55,81,0,4.7
271,Gat,2249901,14.69,-16.54,68.0,60,0,17.22
272,Fengzhen,2037391,40.43,113.15,26.35,70,48,2.39
273,Aguimes,2522325,27.91,-15.45,63.12,88,0,6.93
274,Chancay,3944399,-11.56,-77.27,80.6,65,40,12.75
275,Sao Felix do Xingu,3388847,-6.64,-51.99,77.24,92,80,1.72
276,Nishihara,1850144,35.74,139.53,50.74,91,90,4.7
277,Bundaberg,2173323,-24.87,152.35,75.6,73,90,12.75
278,Sampit,1628884,-2.54,112.95,76.34,96,48,4.63
279,Melk,2771682,48.23,15.34,40.17,86,8,8.01
280,Nome,4732862,30.04,-94.42,53.19,76,75,4.7
281,Bose,6457397,45.46,8.01,43.75,56,0,6.93
282,Banda Aceh,1215502,5.56,95.32,71.35,97,0,2.95
283,Pontalina,3453158,-17.52,-49.45,77.15,77,36,4.97
284,Cap Malheureux,934649,-19.98,57.61,79.88,83,75,6.93
285,Palmas,3474574,-10.18,-48.33,72.56,95,64,3.4
286,Oussouye,2246901,12.49,-16.54,75.22,60,20,9.17
287,Peterhead,2078025,-34.83,138.5,82.35,36,0,4.7
288,Timra,2669047,62.49,17.33,45.07,56,0,25.28
289,Port Lincoln,2063036,-34.72,135.86,74.41,74,0,12.68
290,Sanming,1796663,26.24,117.6,49.52,99,88,2.62
291,Tigzirt,2504703,36.57,4.2,28.78,89,0,1.72
292,Robe,336350,7.12,40.01,44.84,71,20,2.95
293,Luderitz,3355672,-26.65,15.16,64.78,67,0,12.8
294,Dowa,929977,-13.66,33.93,65.09,92,20,1.95
295,Ahipara,2194098,-35.17,173.16,73.0,91,36,3.0
296,Broken Hill,2173911,-31.97,141.45,80.6,24,8,4.63
297,Suntar,2015913,62.16,117.65,19.82,64,44,11.45
298,Abu Dhabi,292968,24.47,54.37,66.2,63,0,18.34
299,Bada,2322495,12.41,4.51,67.03,37,20,4.74
300,Aksu,1524298,52.04,76.93,5.0,84,75,6.71
301,North Platte,5697939,41.12,-100.77,5.76,71,90,9.17
302,San Borja,3905792,-14.86,-66.75,72.43,98,92,1.61
303,Qaqortoq,3420846,60.72,-46.03,37.4,37,20,12.75
304,Pokhara,1282898,28.21,83.99,40.66,71,92,1.95
305,Sorland,3137469,67.67,12.69,35.6,93,75,4.7
306,Longyearbyen,2729907,78.22,15.63,-5.81,70,75,3.36
307,Tabat,1650064,-2.64,115.23,77.51,91,0,2.39
308,Ukiah,5404476,39.15,-123.21,49.19,87,90,11.41
309,Kongoussi,2359142,13.32,-1.53,66.31,20,0,9.89
310,Kazachinskoye,1504075,57.69,93.28,14.33,77,56,5.97
311,Moen,3145649,69.13,18.61,32.79,94,88,20.8
312,Woodward,4556050,36.43,-99.39,62.6,21,1,21.92
313,Maudaha,1263303,25.68,80.11,53.35,80,0,4.74
314,Brigantine,4500920,39.41,-74.36,39.49,29,1,26.4
315,Danville,4755280,36.59,-79.4,55.69,14,1,13.87
316,Faya,110690,18.39,42.45,59.94,67,0,4.97
317,Nabinagar,1193823,23.88,90.97,66.2,88,75,9.17
318,Dikson,1507390,73.51,80.55,9.65,92,92,20.51
319,Klyuchi,1503153,52.25,79.17,4.7,60,36,4.63
320,Ginda,1253628,30.69,78.49,28.01,100,64,1.95
321,Tottori,1849892,35.5,134.23,46.4,82,75,12.75
322,Tzintzuntzan,3980828,19.63,-101.58,75.25,34,75,9.17
323,Kang,933692,-23.67,22.79,67.48,50,8,2.95
324,Moussoro,2427336,13.64,16.49,73.01,22,48,9.22
325,Capreol,5959803,46.71,-80.92,8.6,71,75,12.75
326,Brownsville,4676740,25.91,-97.49,70.21,78,90,10.29
327,Pathein,1328421,16.78,94.73,64.91,91,0,2.84
328,Bull Savanna,3491161,17.89,-77.59,77.24,56,0,4.07
329,Zhigansk,2012530,66.77,123.37,-5.83,69,68,12.46
330,Fare,4034496,-16.7,-151.02,84.4,98,8,8.21
331,Huarmey,3939168,-10.07,-78.15,74.45,68,32,3.74
332,Shawville,6145563,45.61,-76.49,18.34,68,68,11.01
333,Kichera,2022129,55.93,110.1,14.78,84,80,1.83
334,Tangjiazhuang,1783626,33.27,105.76,34.36,97,92,2.28
335,Skibbereen,2961459,51.55,-9.27,46.4,100,75,11.41
336,Palana,2122262,59.08,159.95,-6.19,55,48,5.41
337,Lhokseumawe,1214658,5.18,97.15,82.37,97,0,6.42
338,Trincomalee,1226260,8.58,81.23,75.98,93,56,3.06
339,Buchanan,2278158,5.88,-10.05,77.0,94,20,8.21
340,Togur,1489499,58.36,82.83,11.41,82,68,9.1
341,Kavaratti,1267390,10.57,72.64,81.7,100,0,12.24
342,Batagay,2027044,67.65,134.64,-39.85,0,12,2.95
343,Zunyi,1783621,27.73,106.92,41.69,95,92,5.75
344,Chokurdakh,2126123,70.62,147.9,-34.5,63,8,2.95
345,Eyl,60019,7.98,49.82,75.53,100,92,13.13
346,Nanpara,1261901,27.87,81.5,57.58,79,56,10.56
347,Liverpool,2644210,53.41,-2.98,45.73,70,0,4.7
348,Makakilo City,5850554,21.35,-158.09,74.59,73,40,12.75
349,Lisala,211734,2.15,21.52,76.3,88,44,2.62
350,Vung Tau,1562414,10.35,107.08,78.95,95,0,22.75
351,Pitkyaranta,509234,61.57,31.48,29.9,88,44,10.45
352,Laguna,4013704,27.52,-110.01,75.2,29,20,4.7
353,Praia da Vitoria,3372760,38.73,-27.07,51.57,81,20,24.54
354,Kangasala,654441,61.46,24.07,34.18,94,90,4.7
355,Jackson,4632595,35.61,-88.82,52.99,30,1,3.36
356,Merauke,2082539,-8.49,140.4,83.18,92,12,6.31
357,Nuuk,3421319,64.17,-51.74,19.4,85,75,11.41
358,Hovd,7626384,63.83,10.7,43.68,81,75,25.28
359,Jaltenango,3532856,15.87,-92.72,85.21,42,20,3.18
360,Ocos,3592086,14.51,-92.19,89.6,49,40,11.41
361,Muravlenko,1540711,63.79,74.5,18.74,90,80,16.04
362,Hami,1529484,42.84,93.51,15.86,63,0,7.43
363,Mbamba,2339468,9.98,13.1,65.36,75,0,2.62
364,Yerbogachen,2012956,61.28,108.01,14.42,64,12,8.21
365,Dubbo,2168305,-32.25,148.6,69.8,56,76,11.41
366,Natal,3394023,-5.81,-35.21,83.28,74,20,8.05
367,Bagdarin,2027244,54.44,113.59,-0.25,56,0,2.39
368,Topolobampo,3981345,25.6,-109.05,79.52,31,5,9.17
369,Henties Bay,3356832,-22.12,14.28,70.0,88,88,3.0
370,Dali,1814093,25.6,100.24,45.11,91,68,2.73
371,Rabo de Peixe,3372745,37.8,-25.58,53.4,81,75,1.12
372,Esperance,3573739,10.24,-61.45,77.02,83,20,6.93
373,Havre-Saint-Pierre,5972291,50.23,-63.6,17.6,78,90,19.46
374,Port Keats,2063039,-14.25,129.55,83.99,93,0,10.33
375,Babu,1801374,23.23,104.89,49.16,90,56,2.73
376,Peleduy,2018069,59.63,112.75,19.51,64,32,7.54
377,Yulara,6355222,-25.24,130.99,78.8,16,0,6.93
378,Morococha,3934586,-11.61,-76.13,40.07,100,92,2.62
379,Hokitika,2206894,-42.72,170.96,62.3,86,0,3.4
380,Vostok,2013279,46.45,135.83,18.29,57,8,3.62
381,Saint Anthony,5606187,43.97,-111.68,37.96,74,90,16.11
382,Rundu,3353383,-17.91,19.77,70.0,43,0,7.2
383,Lewiston,4969398,44.1,-70.21,26.37,50,75,18.34
384,Nowa Deba,763783,50.43,21.75,36.21,86,20,9.17
385,Luis Correia,3396121,-2.88,-41.67,82.4,65,75,4.7
386,Vao,588365,59.1,26.19,31.93,90,64,11.79
387,Ilhabela,3461425,-23.78,-45.36,75.89,100,88,12.91
388,Alindao,240999,5.04,21.21,70.63,93,20,3.85
389,Valle de Allende,3980627,26.94,-105.39,72.25,16,0,6.64
390,Sitka,4267710,37.17,-99.65,63.0,31,0,15.01
391,Killybegs,2963295,54.63,-8.45,50.0,78,36,11.99
392,Komsomolskiy,1486910,67.55,63.78,10.96,87,80,24.32
393,Adrar,2508813,27.87,-0.29,48.2,31,0,17.22
394,Mackay,5921525,53.65,-115.58,6.8,46,5,3.18
395,Silver City,5491487,32.77,-108.28,52.75,16,1,10.29
396,Atbasar,1526038,51.81,68.36,11.86,84,88,4.85
397,Sakaiminato,1853174,35.55,133.23,39.78,48,75,8.05
398,Cayenne,3382160,4.94,-52.33,78.8,83,88,6.93
399,Coquimbo,3893629,-29.95,-71.34,66.2,68,0,9.17
400,Baykit,1510689,61.68,96.39,10.96,73,48,7.54
401,Kortkeros,544397,61.81,51.56,24.91,92,90,8.95
402,Zhezkazgan,1516589,47.8,67.71,21.89,88,88,7.43
403,Pestovo,565381,55.36,37.98,34.45,86,75,8.95
404,Castenaso,3179441,44.51,11.47,45.81,42,0,3.36
405,Carutapera,3402648,-1.2,-46.02,73.96,100,92,5.64
406,Touros,3386213,-5.2,-35.46,82.4,83,40,5.82
407,Bathsheba,3374083,13.22,-59.52,78.8,69,40,20.8
408,Belmonte,8010472,40.36,-7.35,41.0,84,8,3.62
409,Erdaojiang,2037494,41.78,126.03,20.68,60,0,2.39
410,Bunia,217695,1.56,30.25,60.1,87,8,2.73
411,Port Hardy,6111862,50.7,-127.42,41.0,38,20,11.41
412,Vardo,4372777,39.62,-77.74,41.61,23,1,20.8
413,Somerset East,954161,-32.72,25.59,62.75,91,36,2.39
414,Imbituba,3461370,-28.24,-48.67,77.0,65,0,4.7
415,Kutum,371745,14.2,24.66,77.24,31,88,5.41
416,Ko Samui,1154689,9.54,99.94,80.6,69,20,10.29
417,Kununurra,2068110,-15.77,128.74,77.0,88,0,1.12
418,Juneau,5554072,58.3,-134.42,38.48,38,75,3.36
419,San Matias,3601874,13.97,-86.63,80.19,39,20,13.87
420,Kodinsk,1503037,58.6,99.18,17.57,66,56,6.42
421,Largo,4161580,27.91,-82.79,74.68,43,1,10.29
422,Deputatskiy,2028164,69.3,139.9,-36.3,65,0,2.73
423,Northam,2641434,51.04,-4.21,43.21,80,0,2.24
424,Alice Springs,2077895,-23.7,133.88,77.0,29,0,1.12
425,Mollendo,3934707,-17.03,-72.02,69.32,66,0,2.95
426,Kanniyakumari,1268008,8.08,77.57,81.16,100,88,5.86
427,Tobermory,6167125,45.25,-81.67,12.0,72,44,5.99
428,Jiayuguan,1280957,39.77,98.29,-6.46,67,0,4.18
429,Pasni,1168312,25.26,63.48,69.73,81,0,16.37
430,Mana,789988,43.52,20.24,21.11,92,0,2.17
431,Airai,1651810,-8.93,125.41,77.56,73,0,2.17
432,Takoradi,2294915,4.89,-1.75,82.01,100,8,9.66
433,Minab,123941,27.15,57.07,63.0,77,0,1.12
434,Zyryanka,2119283,65.73,150.89,-20.59,59,32,3.18
435,Ozernovskiy,2122293,51.5,156.52,21.31,84,68,13.91
436,Flagstaff,5294810,35.2,-111.65,49.26,35,1,14.99
437,Mantua,3174050,45.16,10.79,45.32,70,0,4.7
438,San Luis,3837056,-33.3,-66.34,68.0,57,0,8.88
439,Ust-Kuyga,2013921,70.0,135.55,-33.33,57,0,2.95
440,Kushikino,1858041,31.72,130.27,40.66,100,20,1.12
441,Flinders,6255012,-34.58,150.85,71.11,64,0,8.05
442,Yuanping,1786060,38.72,112.71,22.25,79,68,2.73
443,Biu,2346995,10.61,12.19,72.65,45,56,2.73
444,Morant Bay,3489440,17.88,-76.41,80.6,65,75,19.46
445,Ramhormoz,118826,31.28,49.6,40.79,87,0,2.06
446,Guerrero Negro,4021858,27.97,-114.04,65.86,42,0,7.65
447,Minot,5690532,48.23,-101.3,-3.36,58,1,6.93
448,Saint-Cyr-sur-Loire,2980935,47.41,0.67,47.25,70,0,6.93
449,Kamina,214614,-8.74,25.0,70.45,86,32,1.95
450,Bonthe,2409914,7.53,-12.5,78.28,89,0,5.19
451,Nowy Dwor Gdanski,3090502,54.21,19.12,38.39,93,0,11.41
452,Mananjary,1056151,-19.16,46.8,64.33,97,64,3.29
453,Trelew,3833883,-43.25,-65.31,55.64,33,0,15.26
454,Farafangana,1065158,-22.82,47.83,75.98,100,92,3.29
455,Hambantota,1244926,6.12,81.12,75.2,100,20,2.24
456,Grindavik,3416888,63.84,-22.43,44.15,93,90,19.46
457,Dicabisagan,1715015,17.08,122.42,72.65,100,88,7.65
458,Kamenka,553725,53.19,44.05,26.8,92,92,5.97
459,Alta,847633,69.97,23.27,27.64,86,75,4.7
460,Paracuru,3393115,-3.41,-39.03,80.55,78,0,3.36
461,Lima,3936456,-12.06,-77.04,80.6,65,40,12.75
462,Igunga,159386,-4.28,33.88,65.86,83,68,4.74
463,Hualmay,3939761,-11.1,-77.61,74.23,75,36,4.74
464,Sarangani,1687186,5.4,125.46,79.76,98,44,10.89
465,Nancha,2035669,47.14,129.26,13.75,49,0,4.07
466,San-Pedro,2282006,4.75,-6.64,80.53,85,8,10.22
467,Delemont,2661035,47.36,7.34,38.68,81,0,3.96
468,Shimoda,1852357,34.7,138.93,49.08,62,24,1.01
469,Denpasar,1645528,-8.65,115.22,80.6,88,20,2.24
470,Srivardhan,1255619,18.03,73.02,63.02,93,0,6.08
471,Zhuanghe,1784055,39.7,122.97,32.38,82,0,4.41
472,Mattawa,6067959,46.32,-78.7,10.71,78,75,26.4
473,Mamallapuram,1263997,12.63,80.17,75.2,88,20,4.7
474,Okha,2122614,53.59,142.95,-0.3,86,20,10.22
475,Saiha,1257771,22.49,92.98,58.93,100,92,1.95
476,Nyrob,516588,60.74,56.73,18.65,89,76,11.56
477,Nyimba,900056,-14.56,30.81,68.24,73,12,4.41
478,Vila Franca do Campo,3372472,37.72,-25.43,53.37,81,75,1.12
479,Biak,1637001,-0.91,122.88,79.4,99,64,2.28
480,Itupiranga,3397851,-5.13,-49.33,78.8,94,0,3.06
481,Luangwa,909887,-15.62,30.4,72.38,76,0,3.18
482,Vredendal,3359736,-31.68,18.49,55.51,91,48,2.73
483,Goundam,2456917,16.42,-3.66,63.43,35,0,13.47
484,Sur,286245,22.57,59.53,69.55,99,0,18.05
485,Yala,1604870,6.54,101.28,75.62,84,68,5.64
486,Whitecourt,6180285,54.14,-115.68,6.8,46,5,2.73
487,Quatre Cocos,1106643,-20.21,57.76,79.77,83,75,6.93
488,Sawtell,2150163,-30.38,153.1,68.88,88,90,4.7
489,Meulaboh,1214488,4.14,96.13,79.36,100,56,4.63
490,Gualaquiza,3657661,-3.4,-78.58,67.93,91,24,0.27
491,Naze,2337542,5.43,7.07,77.0,94,75,2.24
492,Caborca,3996893,30.58,-111.1,71.46,16,20,3.0
493,Chakrata,1274886,30.7,77.87,35.21,92,68,1.83
494,Tigil,2120612,57.8,158.67,-3.04,72,32,5.64
495,Cheyenne,5821086,41.14,-104.82,43.56,41,1,16.11
496,Hartselle,4066449,34.44,-86.94,54.9,22,1,2.39
497,Kedrovyy,1538641,56.17,91.82,1.4,84,0,4.18
498,Chiang Kham,1611202,19.53,100.3,62.6,93,0,4.7
499,Crestview,4152311,30.76,-86.57,65.17,23,1,9.17
500,Tondi,2347109,10.88,4.75,71.03,56,0,3.74
501,Berezovyy,2026786,51.67,135.7,4.07,59,0,2.39
502,Victoria,1733782,5.28,115.24,79.36,88,75,3.36
503,Ugoofaaru,1337619,5.67,73.0,81.47,100,88,6.64
504,Santa Cruz,5393052,36.97,-122.03,54.46,62,20,17.22
505,Bilibino,2126682,68.06,166.44,-18.16,74,56,3.18
506,Indiana,5194868,40.62,-79.15,29.93,33,1,14.99
507,Alpena,4984075,45.06,-83.43,15.24,52,40,12.75
508,Palu,1633034,-0.9,119.87,67.52,95,64,1.95
509,Amahai,1651591,-3.31,129.0,83.95,99,44,2.73
510,Xinye,1788522,32.53,112.36,42.05,85,92,6.2
511,Montepuez,1037125,-13.13,39.0,73.1,97,76,3.29
512,Bowen,2174444,-20.01,148.25,74.25,94,75,10.29
513,Katrineholm,2701223,59.0,16.21,39.81,64,0,11.41
514,Comrat,618405,46.3,28.66,33.5,87,0,12.8
515,Thunder Bay,6166142,48.41,-89.26,4.41,42,5,17.22
516,Lubango,3347762,-14.92,13.49,60.95,83,12,0.72
517,Nchelenge,175499,-9.35,28.74,68.42,94,64,2.17
518,Boffa,2422968,10.18,-14.04,72.11,92,0,3.96
519,Dhidhdhoo,1337612,6.88,73.1,81.16,100,56,6.76
520,Zhaoyuan,2033149,45.52,125.08,18.7,55,0,4.41
521,Bambari,240604,5.77,20.68,69.46,94,36,3.06
522,Nauta,3692020,-4.51,-73.58,81.7,83,12,2.95
523,Siavonga,898188,-16.54,28.71,75.4,80,0,3.62
524,Shache,1280037,38.42,77.24,20.68,70,0,4.18
525,Bonavista,5905393,48.65,-53.11,26.01,89,92,3.0
526,Tura,1254046,25.52,90.21,53.3,80,32,2.62
527,Mandalgovi,2030065,45.76,106.27,6.77,67,8,3.62
528,Vavatenina,1054192,-17.47,49.2,72.11,98,92,1.95
529,Kilindoni,157429,-7.91,39.67,84.08,98,88,11.01
530,Manokwari,1636308,-0.87,134.08,79.18,100,48,5.75
531,Sayyan,70979,15.17,44.32,42.91,66,0,4.18
532,Kruisfontein,986717,-34.0,24.73,62.39,85,68,7.87
533,Karratha,6620339,-20.74,116.85,81.02,71,0,0.6
534,Ritchie,961226,-29.03,24.6,68.0,27,0,9.17
535,Pombas,3448350,-15.9,-54.74,75.89,86,32,4.18
536,Waipawa,2185329,-39.94,176.59,62.12,86,8,3.74
